{
  "project_info": {
    "project_number": "159274440293",
    "firebase_url": "https://auth-2213f.firebaseio.com",
    "project_id": "auth-2213f",
    "storage_bucket": "auth-2213f.appspot.com"
  },
  "client": [
    {
      "client_info": {
        "mobilesdk_app_id": "1:159274440293:android:da035d4ce3d87095f2988c",
        "android_client_info": {
          "package_name": "com.example.firebaseAuth"
        }
      },
      "oauth_client": [
        {
          "client_id": "159274440293-koea6h9p7p7b91u0i8da43f8nnomnumb.apps.googleusercontent.com",
          "client_type": 3
        }
      ],
      "api_key": [
        {
          "current_key": "AIzaSyDqhpFXlFjuvzf8MWahIbOmxbgm4PRqSfo"
        }
      ],
      "services": {
        "appinvite_service": {
          "other_platform_oauth_client": [
            {
              "client_id": "159274440293-koea6h9p7p7b91u0i8da43f8nnomnumb.apps.googleusercontent.com",
              "client_type": 3
            }
          ]
        }
      }
    }
  ],
  "configuration_version": "1"
}